<?xml version="1.0" encoding="UTF-8" ?>
<!DOCTYPE mapper PUBLIC "-//mybatis.org//DTD Mapper 3.0//EN"
	"http://mybatis.org/dtd/mybatis-3-mapper.dtd">

<mapper namespace="com.project.heyyo.content.model.Content">
	<select id="GetAllContent" resultType="HashMap" parameterType="HashMap">
		<!-- select * from contents where rownum &lt; 20 -->
		
 		SELECT m.image, c.id, c.num, c.subject, c.talent, c.c_date, c.s_day, c.address, c.lat, c.lng, c.personnel, c.gender, c.content, c.closed, c.type  FROM members m inner join contents c on c.id = m.id where rownum &lt; 20 
		<if test="type != null">
			and type = #{type}
		</if>

		<if test="talent != null">
			and talent like '%' || #{talent} || '%'
		</if>
		
		<!-- order by abs(#{location} - (lat+lng)) -->
	</select>
	
	<select id="GetAllContentList" resultType="HashMap" parameterType="HashMap">

		select * from contents
		<if test="type != null">
			where type = #{type}
		</if>

		<if test="talent != null">
			where talent like '%' || #{talent} || '%'
		</if>
		order by c_date desc
		
	</select>

	<select id="GetContentByNum" resultType="MyContent"
		parameterType="int">
		select * from contents where num = #{num}
	</select>

	<insert id="InsertTalentData" parameterType="MyContent">
		insert into
		contents(id, num, subject, talent, s_day, address, lat, lng,
		personnel, gender, content, closed, type)
		values
		(#{id}, conseq.nextval,
		#{subject}, #{talent}, #{s_day}, #{address}, #{lat}, #{lng},
		#{personnel}, #{gender}, #{content}, 'open', #{type})
	</insert>

	<select id="GetTotalCount" resultType="int">
		select count(*) from contents
		
		<if test="type != null">
			where type = #{type}
		</if>
			
		<if test="talent != null">
			where talent = #{talent}
		</if>
		
	</select>
</mapper>