<?xml version="1.0" encoding="UTF-8" ?>
<!DOCTYPE mapper PUBLIC "-//mybatis.org//DTD Mapper 3.0//EN"
	"http://mybatis.org/dtd/mybatis-3-mapper.dtd">

<mapper namespace="com.project.heyyo.member.model.Member">

	<select id="InquiryEmail" resultType="MyMember">
		select * from members where	email like #{email}
	</select>

	<insert id="M_insert" parameterType="MyMember">
		insert into members(id,	email, pw, name, gender, hp, hpopen, birthday, address, talentDt, talentGet) 
		values(memseq.nextval, #{email}, #{pw}, #{name}, #{gender}, #{hp}, #{hpopen}, #{birthday}, #{address}, #{talentDt}, #{talentGet})		
	</insert>

	<select id="email_test" resultType="MyMember">
		select * from members where
		name=#{name} and hp=#{hp}
	</select>

	<select id="pw_test" resultType="MyMember">
		select * from members where email=#{email} and name=#{name}
	</select>

	<select id="SelectMemberById" parameterType="int" resultType="MyMember">
		select * from members where id = #{id}
	</select>

</mapper>