<?xml version="1.0" encoding="UTF-8"?>
<!DOCTYPE configuration
  PUBLIC "-//mybatis.org//DTD Config 3.0//EN" 
  "http://mybatis.org/dtd/mybatis-3-config.dtd">

<configuration>
	<!-- 마이바티스의 작동 규칙 정의 -->
	<settings>
		<setting name="cacheEnabled" value="false" />
		<setting name="useGeneratedKeys" value="false" />
		<setting name="mapUnderscoreToCamelCase" value="true" />
	</settings>
	<typeAliases>
		<typeAlias alias="MyMember" type="com.project.heyyo.member.model.Member"/>
		<typeAlias alias="MyContent" type="com.project.heyyo.content.model.Content"/>
		<typeAlias alias="MyMatching" type="com.project.heyyo.content.matching.Matching"/>
	</typeAliases>
	<mappers>
		<mapper resource="mybatis/member.xml"/>
		<mapper resource="mybatis/content.xml"/>
		<mapper resource="mybatis/matching.xml"/> 
	</mappers>
</configuration>